"FIRST NAME","GENDER","ID","IS CITIZEN","LAST NAME","META DATA","PHONE LIST"
"nt","MALE","1","false","f","PersonMetaData{ eyeColor=BLUE HairColor=RED height=17.0}","+572073416613"
"snn","MALE","2","false","g","PersonMetaData{ eyeColor=YELLOW HairColor=BLUE height=63.0}","+030484750514,+130034290199"
"o","FEMALE","3","true","wpxpcenh","PersonMetaData{ eyeColor=BLUE HairColor=YELLOW height=35.0}","+305296492079,+924862213878"
"w","MALE","4","true","vqfcoses","PersonMetaData{ eyeColor=YELLOW HairColor=YELLOW height=211.0}","+734005799304"
"iuimegqgai","FEMALE","5","true","dgdhn","PersonMetaData{ eyeColor=BLUE HairColor=RED height=84.0}","+854011376430,+569533373581"
"pfsgrn","MALE","6","false","csaqnt","PersonMetaData{ eyeColor=YELLOW HairColor=RED height=178.0}","+372594562324,+954282206908"
"rpnyaywfs","MALE","7","true","mlajpgisk","PersonMetaData{ eyeColor=YELLOW HairColor=YELLOW height=118.0}","+336288212224,+765184847530,+532974477317"
"kuidfo","FEMALE","8","false","tss","PersonMetaData{ eyeColor=BLUE HairColor=RED height=58.0}","+218121625683"
"yheustcwoa","MALE","9","true","ighyjljek","PersonMetaData{ eyeColor=YELLOW HairColor=BLUE height=128.0}","+964145528681"
"pc","MALE","10","true","uselfl","PersonMetaData{ eyeColor=BLUE HairColor=RED height=122.0}","+655079507723,+288802098822"
"en","MALE","11","true","vgtfx","PersonMetaData{ eyeColor=YELLOW HairColor=RED height=78.0}","+091123369071"
"xifmcibpsu","FEMALE","12","true","ygpfaa","PersonMetaData{ eyeColor=RED HairColor=BLUE height=102.0}","+768380243638,+469999376105,+509055770623"
"tloxy","FEMALE","13","false","dulcthcl","PersonMetaData{ eyeColor=BLUE HairColor=YELLOW height=127.0}","+626913742614"
"u","MALE","14","true","odhk","PersonMetaData{ eyeColor=RED HairColor=RED height=42.0}","+508562152279,+231862946481,+233131738346"
"lohpy","MALE","15","true","dxafaf","PersonMetaData{ eyeColor=BLUE HairColor=BLUE height=134.0}","+590283173338,+874916004125,+012351278203"
"qawccmb","MALE","16","false","vrgnntgclg","PersonMetaData{ eyeColor=BLUE HairColor=RED height=174.0}","+929559067622,+361657078575,+448027142003"
"fvdlshp","FEMALE","17","true","ifgqvwfmc","PersonMetaData{ eyeColor=BLUE HairColor=BLUE height=121.0}","+020328208469"
"qfrvmxq","FEMALE","18","true","kjlcpnagb","PersonMetaData{ eyeColor=BLUE HairColor=YELLOW height=45.0}","+884444432716"
"j","MALE","19","true","tkpwd","PersonMetaData{ eyeColor=RED HairColor=YELLOW height=31.0}","+421772219619,+529371909282,+445077654496"
"jo","FEMALE","20","true","urhk","PersonMetaData{ eyeColor=RED HairColor=BLUE height=32.0}","+801909732698"

